description,effective_domain_size,goshv,intersection_size,intersections,name,native,p_value,parents,precision,query,query_size,recall,significant,source,term_size,source_order,group_id
"""A transmembrane protein complex composed of an MHC alpha chain and, in most cases, either an MHC class II beta chain or an invariant beta2-microglobin chain, and with or without a bound peptide, lipid, or polysaccharide antigen."" [GOC:add, GOC:jl, ISBN:0781735149, PMID:15928678, PMID:16153240]",22149,37963,7,"[['IDA', 'IEA'], ['IEA'], ['IDA', 'IBA', 'IEA'], [], [], [], [], [], [], [], ['IDA', 'IBA', 'IEA'], [], [], ['IDA', 'IMP', 'IBA', 'IEA'], [], [], [], [], [], [], [], [], [], [], [], [], [], [], [], [], [], [], [], [], [], [], [], [], [], [], [], [], [], [], [], [], [], [], [], ['IDA', 'IEA'], [], [], [], [], [], [], [], [], [], [], [], [], [], [], [], [], [], [], [], [], [], [], [], [], [], [], [], [], [], [], [], [], [], [], [], [], [], [], [], [], [], [], [], [], [], [], [], [], [], [], [], [], [], [], [], [], [], [], [], [], [], [], [], [], [], [], [], [], [], [], [], [], [], [], [], [], [], [], [], [], [], [], [], [], [], [], [], [], [], [], [], [], [], [], [], [], [], ['IDA', 'IEA'], [], [], [], [], [], [], [], [], [], [], [], [], [], [], [], [], [], [], [], [], [], [], [], [], [], [], [], [], [], [], [], [], [], [], []]",MHC protein complex,GO:0042611,7.693256448680439e-08,['GO:0098797'],0.04516129032258064,query_1,155,0.2916666666666667,True,GO:CC,24,1773,5
Graft-versus-host disease,8484,40700,8,"[['KEGG'], ['KEGG'], ['KEGG'], [], [], [], [], [], [], [], ['KEGG'], [], [], ['KEGG'], [], [], [], [], [], [], [], [], [], [], [], [], [], [], [], [], [], [], [], [], [], [], [], [], [], [], [], [], [], [], [], [], [], [], [], ['KEGG'], ['KEGG'], [], [], [], [], [], [], [], [], [], [], [], [], [], [], [], [], [], [], [], [], [], [], [], [], [], [], [], [], [], [], [], [], [], [], [], [], [], [], [], [], [], [], [], [], [], [], [], [], [], [], [], [], [], [], [], [], [], [], [], [], [], [], [], [], [], [], [], [], [], [], [], [], [], [], [], [], [], [], [], [], [], [], [], [], [], [], [], [], [], [], [], [], [], [], [], [], ['KEGG'], [], [], [], [], [], [], [], [], [], [], [], [], [], [], [], [], [], [], [], [], [], [], [], [], [], [], [], [], [], [], [], [], [], [], []]",Graft-versus-host disease,KEGG:05332,1.466704658637616e-07,['KEGG:00000'],0.0975609756097561,query_1,82,0.21621621621621623,True,KEGG,37,487,19
"""Binding to an antigen, any substance which is capable of inducing a specific immune response and of reacting with the products of that response, the specific antibody or specifically sensitized T-lymphocytes, or both. Binding may counteract the biological activity of the antigen. Antigen binding by an MHC protein complex allows the antigen to be displayed to a T cell or NK cell."" [GOC:jl, ISBN:0198506732, ISBN:0721662544]",20246,355,13,"[['IDA', 'IBA'], [], ['IDA', 'IBA'], ['NAS'], [], [], [], [], [], [], ['IDA', 'IBA'], [], [], ['IDA', 'IBA'], [], ['NAS'], [], [], [], [], [], [], [], [], [], [], [], [], [], [], [], [], [], [], ['IBA'], [], [], [], [], [], [], [], [], [], [], [], [], [], [], ['IDA', 'IBA'], ['IDA'], [], [], [], [], [], [], [], [], [], [], [], [], [], [], [], [], [], [], [], [], [], ['TAS'], [], [], [], [], [], [], [], [], [], [], [], [], [], [], [], [], [], [], [], [], [], [], [], [], [], [], [], [], [], [], [], [], [], [], [], [], [], [], [], [], [], [], [], [], [], [], [], [], [], [], [], [], [], [], [], ['IBA', 'NAS'], [], [], [], [], [], [], [], [], [], [], [], [], [], [], [], [], [], [], ['IDA', 'IMP', 'IBA', 'IEA'], [], [], [], [], [], [], [], [], [], [], ['IBA', 'NAS'], [], [], [], [], [], [], [], [], [], [], [], [], [], [], [], [], [], [], [], [], [], [], [], []]",antigen binding,GO:0003823,4.0244920014508374e-07,['GO:0005488'],0.087248322147651,query_1,149,0.07471264367816093,True,GO:MF,174,355,1
Allograft rejection,8484,40699,7,"[['KEGG'], ['KEGG'], ['KEGG'], [], [], [], [], [], [], [], ['KEGG'], [], [], ['KEGG'], [], [], [], [], [], [], [], [], [], [], [], [], [], [], [], [], [], [], [], [], [], [], [], [], [], [], [], [], [], [], [], [], [], [], [], ['KEGG'], [], [], [], [], [], [], [], [], [], [], [], [], [], [], [], [], [], [], [], [], [], [], [], [], [], [], [], [], [], [], [], [], [], [], [], [], [], [], [], [], [], [], [], [], [], [], [], [], [], [], [], [], [], [], [], [], [], [], [], [], [], [], [], [], [], [], [], [], [], [], [], [], [], [], [], [], [], [], [], [], [], [], [], [], [], [], [], [], [], [], [], [], [], [], [], [], [], ['KEGG'], [], [], [], [], [], [], [], [], [], [], [], [], [], [], [], [], [], [], [], [], [], [], [], [], [], [], [], [], [], [], [], [], [], [], []]",Allograft rejection,KEGG:05330,2.347591130641659e-06,['KEGG:00000'],0.08536585365853659,query_1,82,0.20588235294117646,True,KEGG,34,486,20
Type I diabetes mellitus,8484,40607,7,"[['KEGG'], ['KEGG'], ['KEGG'], [], [], [], [], [], [], [], ['KEGG'], [], [], ['KEGG'], [], [], [], [], [], [], [], [], [], [], [], [], [], [], [], [], [], [], [], [], [], [], [], [], [], [], [], [], [], [], [], [], [], [], [], ['KEGG'], [], [], [], [], [], [], [], [], [], [], [], [], [], [], [], [], [], [], [], [], [], [], [], [], [], [], [], [], [], [], [], [], [], [], [], [], [], [], [], [], [], [], [], [], [], [], [], [], [], [], [], [], [], [], [], [], [], [], [], [], [], [], [], [], [], [], [], [], [], [], [], [], [], [], [], [], [], [], [], [], [], [], [], [], [], [], [], [], [], [], [], [], [], [], [], [], [], ['KEGG'], [], [], [], [], [], [], [], [], [], [], [], [], [], [], [], [], [], [], [], [], [], [], [], [], [], [], [], [], [], [], [], [], [], [], []]",Type I diabetes mellitus,KEGG:04940,7.765371097489119e-06,['KEGG:00000'],0.08536585365853659,query_1,82,0.175,True,KEGG,40,394,21
"""The side (leaflet) of the plasma membrane that faces the lumen."" [GOC:ab, GOC:dos]",22149,39310,6,"[['TAS', 'IEA'], [], ['TAS'], [], [], [], [], [], [], [], ['TAS'], [], [], ['TAS'], [], [], [], [], [], [], [], [], [], [], [], [], [], [], [], [], [], [], [], [], [], [], [], [], [], [], [], [], [], [], [], [], [], [], [], ['TAS', 'IEA'], [], [], [], [], [], [], [], [], [], [], [], [], [], [], [], [], [], [], [], [], [], [], [], [], [], [], [], [], [], [], [], [], [], [], [], [], [], [], [], [], [], [], [], [], [], [], [], [], [], [], [], [], [], [], [], [], [], [], [], [], [], [], [], [], [], [], [], [], [], [], [], [], [], [], [], [], [], [], [], [], [], [], [], [], [], [], [], [], [], [], [], [], [], [], [], [], [], ['TAS', 'IEA'], [], [], [], [], [], [], [], [], [], [], [], [], [], [], [], [], [], [], [], [], [], [], [], [], [], [], [], [], [], [], [], [], [], [], []]",lumenal side of endoplasmic reticulum membrane,GO:0098553,2.3256525681606774e-05,"['GO:0005789', 'GO:0098576']",0.03870967741935484,query_1,155,0.1935483870967742,True,GO:CC,31,3120,3
Antigen processing and presentation,8484,40535,8,"[['KEGG'], ['KEGG'], ['KEGG'], [], [], [], [], [], [], [], ['KEGG'], [], [], ['KEGG'], [], [], [], [], [], [], [], [], [], [], [], [], [], [], [], [], [], [], [], [], [], [], [], [], [], [], [], [], [], [], [], [], [], [], [], ['KEGG'], ['KEGG'], [], [], [], [], [], [], [], [], [], [], [], [], [], [], [], [], [], [], [], [], [], [], [], [], [], [], [], [], [], [], [], [], [], [], [], [], [], [], [], [], [], [], [], [], [], [], [], [], [], [], [], [], [], [], [], [], [], [], [], [], [], [], [], [], [], [], [], [], [], [], [], [], [], [], [], [], [], [], [], [], [], [], [], [], [], [], [], [], [], [], [], [], [], [], [], [], ['KEGG'], [], [], [], [], [], [], [], [], [], [], [], [], [], [], [], [], [], [], [], [], [], [], [], [], [], [], [], [], [], [], [], [], [], [], []]",Antigen processing and presentation,KEGG:04612,2.4754437265867578e-05,['KEGG:00000'],0.0975609756097561,query_1,82,0.11594202898550725,True,KEGG,69,322,22
Autoimmune thyroid disease,8484,40695,7,"[['KEGG'], ['KEGG'], ['KEGG'], [], [], [], [], [], [], [], ['KEGG'], [], [], ['KEGG'], [], [], [], [], [], [], [], [], [], [], [], [], [], [], [], [], [], [], [], [], [], [], [], [], [], [], [], [], [], [], [], [], [], [], [], ['KEGG'], [], [], [], [], [], [], [], [], [], [], [], [], [], [], [], [], [], [], [], [], [], [], [], [], [], [], [], [], [], [], [], [], [], [], [], [], [], [], [], [], [], [], [], [], [], [], [], [], [], [], [], [], [], [], [], [], [], [], [], [], [], [], [], [], [], [], [], [], [], [], [], [], [], [], [], [], [], [], [], [], [], [], [], [], [], [], [], [], [], [], [], [], [], [], [], [], [], ['KEGG'], [], [], [], [], [], [], [], [], [], [], [], [], [], [], [], [], [], [], [], [], [], [], [], [], [], [], [], [], [], [], [], [], [], [], []]",Autoimmune thyroid disease,KEGG:05320,3.336405270458657e-05,['KEGG:00000'],0.08536585365853659,query_1,82,0.14285714285714285,True,KEGG,49,482,23
"""Any side (leaflet) of a membrane that faces the lumen of an organelle."" [GOC:dos]",22149,39331,6,"[['TAS', 'IEA'], [], ['TAS'], [], [], [], [], [], [], [], ['TAS'], [], [], ['TAS'], [], [], [], [], [], [], [], [], [], [], [], [], [], [], [], [], [], [], [], [], [], [], [], [], [], [], [], [], [], [], [], [], [], [], [], ['TAS', 'IEA'], [], [], [], [], [], [], [], [], [], [], [], [], [], [], [], [], [], [], [], [], [], [], [], [], [], [], [], [], [], [], [], [], [], [], [], [], [], [], [], [], [], [], [], [], [], [], [], [], [], [], [], [], [], [], [], [], [], [], [], [], [], [], [], [], [], [], [], [], [], [], [], [], [], [], [], [], [], [], [], [], [], [], [], [], [], [], [], [], [], [], [], [], [], [], [], [], [], ['TAS', 'IEA'], [], [], [], [], [], [], [], [], [], [], [], [], [], [], [], [], [], [], [], [], [], [], [], [], [], [], [], [], [], [], [], [], [], [], []]",lumenal side of membrane,GO:0098576,0.00013406203577517322,"['GO:0031090', 'GO:0098552']",0.03870967741935484,query_1,155,0.14634146341463414,True,GO:CC,41,3141,3
Cell adhesion molecules,8484,40528,10,"[['KEGG'], ['KEGG'], ['KEGG'], [], [], [], [], [], [], [], ['KEGG'], [], [], ['KEGG'], [], [], [], ['KEGG'], [], [], ['KEGG'], [], [], [], [], [], [], [], [], [], [], [], [], [], [], [], [], [], [], [], [], [], [], [], [], [], [], [], [], ['KEGG'], [], [], [], [], [], [], [], [], [], [], [], [], [], [], [], [], [], [], [], [], [], [], [], [], [], [], [], [], [], [], [], [], [], [], [], [], [], [], [], [], [], [], [], [], [], [], [], [], [], [], [], [], [], [], [], [], [], [], [], [], [], [], [], [], [], [], [], [], [], ['KEGG'], [], [], [], [], [], [], [], [], [], [], [], [], [], [], [], [], [], [], [], [], [], [], [], [], [], [], [], ['KEGG'], [], [], [], [], [], [], [], [], [], [], [], [], [], [], [], [], [], [], [], [], [], [], [], [], [], [], [], [], [], [], [], [], [], [], []]",Cell adhesion molecules,KEGG:04514,0.00016896960565188334,['KEGG:00000'],0.12195121951219512,query_1,82,0.06535947712418301,True,KEGG,153,315,24
Viral myocarditis,8484,40706,7,"[['KEGG'], ['KEGG'], ['KEGG'], [], [], [], [], [], [], [], ['KEGG'], [], [], ['KEGG'], [], [], [], [], [], [], [], [], [], [], [], [], [], [], [], [], [], [], [], [], [], [], [], [], [], [], [], [], [], [], [], [], [], [], [], ['KEGG'], [], [], [], [], [], [], [], [], [], [], [], [], [], [], [], [], [], [], [], [], [], [], [], [], [], [], [], [], [], [], [], [], [], [], [], [], [], [], [], [], [], [], [], [], [], [], [], [], [], [], [], [], [], [], [], [], [], [], [], [], [], [], [], [], [], [], [], [], [], [], [], [], [], [], [], [], [], [], [], [], [], [], [], [], [], [], [], [], [], [], [], [], [], [], [], [], [], ['KEGG'], [], [], [], [], [], [], [], [], [], [], [], [], [], [], [], [], [], [], [], [], [], [], [], [], [], [], [], [], [], [], [], [], [], [], []]",Viral myocarditis,KEGG:05416,0.00019276303405232377,['KEGG:00000'],0.08536585365853659,query_1,82,0.1111111111111111,True,KEGG,63,493,25
"""A lipid bilayer along with all the proteins and protein complexes embedded in it and attached to it."" [GOC:dos, GOC:mah, ISBN:0815316194]",22149,36889,100,"[['IDA', 'HDA', 'IBA', 'TAS', 'NAS', 'IEA'], ['IEA'], ['IDA', 'IBA', 'TAS', 'NAS', 'IEA'], ['TAS', 'IEA'], [], ['IDA', 'ISS', 'IBA', 'NAS', 'IEA'], [], [], [], ['IEA'], ['IDA', 'HDA', 'IBA', 'TAS', 'IEA'], [], [], ['IDA', 'IMP', 'HDA', 'IBA', 'TAS', 'NAS', 'IEA'], ['IBA', 'IEA'], ['TAS', 'IEA'], [], ['IDA', 'TAS', 'IEA'], [], ['IBA', 'IEA'], ['HDA', 'IBA', 'TAS', 'IEA'], ['IEA'], ['IBA', 'TAS', 'IEA'], ['IEA'], ['IDA', 'ISS', 'IBA', 'TAS', 'NAS', 'IEA'], ['IDA', 'IBA', 'TAS', 'IEA'], ['IBA', 'NAS', 'IEA'], ['IDA', 'ISS', 'IEA'], [], ['IBA'], ['HDA'], [], [], ['IEA'], ['IEA'], ['HDA', 'TAS', 'IEA'], ['HDA', 'ISS', 'IBA', 'TAS', 'IEA'], ['HDA'], ['IDA', 'IEA'], ['IEA'], ['IDA', 'HDA', 'ISS', 'IBA', 'TAS', 'IEA'], [], [], ['HDA'], ['IDA', 'IMP', 'HDA', 'IBA', 'TAS', 'IEA'], [], [], [], [], ['IDA', 'HDA', 'IBA', 'TAS', 'NAS', 'IEA'], ['IDA', 'ISO', 'IBA', 'TAS', 'IEA'], ['IDA', 'TAS', 'IEA'], ['IEA'], [], ['IBA', 'IEA'], [], ['IEA'], [], ['ISS', 'IBA', 'TAS', 'IEA'], [], ['HDA'], ['IEA'], ['IDA', 'NAS'], ['HDA'], [], ['IBA', 'TAS', 'IEA'], [], [], [], [], [], [], ['IDA', 'IBA', 'TAS', 'IEA'], ['IDA', 'HDA', 'IBA', 'IEA'], ['IBA', 'IEA'], ['IDA', 'IMP', 'ISS', 'IBA', 'TAS', 'IEA'], [], ['HDA'], ['IEA'], ['HDA', 'IEA'], [], ['IBA'], ['IDA', 'ISS', 'IBA', 'TAS', 'IEA'], ['IDA', 'TAS', 'NAS', 'IEA'], [], ['IEA'], [], [], ['HDA', 'IBA', 'IEA'], ['IDA', 'HDA', 'IBA', 'IEA'], ['IBA'], ['IEA'], ['IDA', 'IBA', 'TAS', 'IEA'], [], ['TAS', 'IEA'], ['IDA', 'TAS', 'IEA'], ['IDA', 'IPI', 'ISS', 'IBA', 'TAS', 'NAS', 'IEA'], [], ['HDA'], ['IDA', 'ISS', 'IEA'], ['IDA', 'IMP', 'NAS', 'IEA'], [], [], [], ['IDA', 'IBA', 'TAS', 'IEA'], ['IMP', 'HDA', 'ISS', 'TAS', 'IEA'], [], [], [], ['IDA', 'IEA'], [], [], [], ['IBA', 'TAS', 'IEA'], ['IDA'], [], [], ['TAS', 'IEA'], ['IDA', 'IBA'], ['IBA', 'NAS', 'IEA'], ['IDA', 'HDA', 'IBA', 'TAS', 'IEA'], [], [], [], [], [], [], [], ['TAS', 'IEA'], ['HDA'], [], [], ['IEA'], [], [], [], ['HDA', 'TAS', 'NAS', 'IEA'], [], ['ISS', 'IBA', 'TAS', 'NAS', 'IEA'], [], [], [], [], [], [], [], [], ['IDA', 'HDA', 'IBA', 'TAS', 'NAS', 'IEA'], [], [], ['IDA', 'TAS', 'IEA'], ['IDA', 'ISS', 'IBA', 'IEA'], ['IEA'], [], [], ['IEA'], [], ['IDA'], ['TAS', 'IEA'], ['NAS', 'IEA'], ['TAS'], [], ['HDA'], [], [], [], [], ['IDA', 'IBA', 'TAS', 'IEA'], ['IDA', 'HDA', 'IBA', 'TAS', 'IEA'], [], ['IDA', 'IEA'], [], [], [], ['IDA', 'IMP', 'IBA', 'TAS', 'IEA'], [], ['ISS', 'IEA'], ['IDA', 'ISS', 'TAS', 'IEA'], ['IDA', 'HDA', 'IBA', 'TAS', 'IEA'], ['IDA', 'TAS', 'IEA'], ['IEA'], [], ['IEA']]",membrane,GO:0016020,0.00022902665658244722,['GO:0110165'],0.6451612903225806,query_1,155,0.010047221943132723,True,GO:CC,9953,699,3
"""Binding to an antigen peptide."" [GOC:add, GOC:jl, GOC:rv]",20246,5128,6,"[['IDA', 'IBA'], [], ['IDA', 'IBA'], [], [], [], [], [], [], [], ['IDA', 'IBA'], [], [], ['IDA', 'IBA'], [], [], [], [], [], [], [], [], [], [], [], [], [], [], [], [], [], [], [], [], [], [], [], [], [], [], [], [], [], [], [], [], [], [], [], ['IDA', 'IBA'], [], [], [], [], [], [], [], [], [], [], [], [], [], [], [], [], [], [], [], [], [], [], [], [], [], [], [], [], [], [], [], [], [], [], [], [], [], [], [], [], [], [], [], [], [], [], [], [], [], [], [], [], [], [], [], [], [], [], [], [], [], [], [], [], [], [], [], [], [], [], [], [], [], [], [], [], [], [], [], [], [], [], [], [], [], [], [], [], [], [], [], [], [], [], [], [], [], ['IDA', 'IMP', 'IBA', 'IEA'], [], [], [], [], [], [], [], [], [], [], [], [], [], [], [], [], [], [], [], [], [], [], [], [], [], [], [], [], [], [], [], [], [], [], []]",peptide antigen binding,GO:0042605,0.0004518707331296975,"['GO:0003823', 'GO:0042277']",0.040268456375838924,query_1,149,0.14285714285714285,True,GO:MF,42,5128,1
"""Any small, fluid-filled, spherical organelle enclosed by membrane."" [GOC:mah, GOC:pz, GOC:vesicles]",22149,37389,53,"[['HDA', 'TAS', 'IEA'], ['IEA'], ['IBA', 'TAS', 'IEA'], ['HDA'], [], ['IEA'], [], [], [], [], ['IBA', 'TAS', 'IEA'], [], [], ['IDA', 'HDA', 'IBA', 'TAS', 'IEA'], [], ['HDA'], [], [], [], [], ['HDA'], [], [], [], [], [], ['IDA'], [], [], [], ['HDA'], [], ['HDA'], [], [], ['HDA', 'TAS'], ['HDA', 'ISS', 'TAS', 'IEA'], [], ['HDA'], [], [], [], [], ['ISS'], [], [], [], [], [], ['HDA', 'TAS', 'IEA'], [], [], [], [], [], [], [], [], ['HDA', 'IEA'], [], ['HDA', 'TAS'], [], [], ['HDA'], [], [], [], [], [], [], [], [], ['TAS'], ['IBA'], [], ['HDA', 'TAS'], [], ['IDA', 'IBA', 'IEA'], [], [], [], ['IEA'], ['HDA'], [], [], [], [], [], ['HDA'], ['IDA', 'IBA', 'IEA'], [], [], ['HDA'], [], [], ['HDA', 'TAS'], [], [], [], ['ISS'], [], [], [], [], [], [], [], [], ['HDA'], ['IDA', 'IBA', 'IEA'], [], [], ['NAS'], [], [], [], [], [], [], [], ['IDA', 'HDA', 'TAS', 'IEA'], [], [], ['IEA'], [], [], [], [], [], ['HDA'], [], [], ['HDA'], [], ['HDA'], ['HDA'], ['HDA', 'TAS'], [], ['HDA'], [], [], [], [], [], [], [], [], ['HDA', 'TAS', 'IEA'], [], [], ['TAS'], ['IDA', 'HDA', 'IBA', 'IEA'], [], [], [], [], [], ['IDA', 'HDA'], [], [], ['HDA', 'IEA'], ['IDA', 'HDA', 'TAS'], [], [], [], [], ['NAS'], ['IDA', 'IEA'], ['HDA'], [], [], [], [], [], [], [], [], [], [], ['ISS', 'IBA', 'TAS', 'IEA'], [], [], ['HDA']]",vesicle,GO:0031982,0.00048132551572371385,['GO:0043227'],0.3419354838709677,query_1,155,0.0131415819489214,True,GO:CC,4033,1199,4
Interferon gamma signaling,11004,42025,8,"[['REAC'], [], ['REAC'], [], [], [], [], [], [], [], ['REAC'], [], [], ['REAC'], [], [], [], [], [], [], [], [], [], [], [], [], [], [], [], [], [], [], [], [], [], [], [], [], [], [], [], [], [], [], [], [], [], [], [], ['REAC'], [], [], [], [], [], [], [], [], [], [], [], [], [], [], [], [], [], [], [], [], [], [], [], [], [], [], [], [], [], [], [], [], [], [], [], [], [], [], [], [], [], [], [], [], [], [], [], [], [], [], [], [], [], [], [], [], [], [], [], [], [], [], [], [], [], [], [], [], ['REAC'], [], [], [], [], [], [], [], [], [], [], [], [], [], [], [], [], [], [], [], [], [], [], [], [], [], [], [], [], ['REAC'], [], [], [], [], [], [], [], [], ['REAC'], [], [], [], [], [], [], [], [], [], [], [], [], [], [], [], [], [], [], [], [], [], [], [], [], [], []]",Interferon gamma signaling,REAC:R-HSA-877300,0.0007021833010507406,['REAC:R-HSA-913531'],0.08,query_1,100,0.08791208791208792,True,REAC,91,1242,29
Phagosome,8484,40494,9,"[['KEGG'], ['KEGG'], ['KEGG'], [], [], [], [], [], [], [], ['KEGG'], [], [], ['KEGG'], [], [], [], [], [], [], [], [], [], [], [], [], [], [], [], [], [], [], [], [], [], [], [], [], [], [], [], [], [], [], [], [], [], [], [], ['KEGG'], [], [], [], [], [], [], [], [], [], [], ['KEGG'], [], [], [], [], [], [], [], [], [], [], [], [], [], [], [], [], [], [], [], [], [], [], [], [], [], [], [], [], [], [], [], [], [], [], [], [], [], [], [], [], [], [], [], [], [], [], [], [], [], [], [], [], [], [], [], [], [], [], [], [], [], [], [], [], [], [], [], [], [], [], [], [], [], [], [], [], [], [], [], [], [], [], [], [], [], [], ['KEGG'], [], [], [], [], [], [], [], [], [], [], [], [], [], ['KEGG'], [], [], [], [], [], [], [], [], [], [], [], [], [], [], [], [], [], [], [], [], []]",Phagosome,KEGG:04145,0.0009756909476156866,['KEGG:00000'],0.10975609756097561,query_1,82,0.061224489795918366,True,KEGG,147,281,26
"""A vesicle that is released into the extracellular region by fusion of the limiting endosomal membrane of a multivesicular body with the plasma membrane. Extracellular exosomes, also simply called exosomes, have a diameter of about 40-100 nm."" [GOC:BHF, GOC:mah, GOC:vesicles, PMID:15908444, PMID:17641064, PMID:19442504, PMID:19498381, PMID:22418571, PMID:24009894]",22149,38543,34,"[['HDA'], [], [], ['HDA'], [], [], [], [], [], [], [], [], [], ['HDA'], [], ['HDA'], [], [], [], [], ['HDA'], [], [], [], [], [], [], [], [], [], ['HDA'], [], ['HDA'], [], [], ['HDA'], ['HDA'], [], ['HDA'], [], [], [], [], [], [], [], [], [], [], ['HDA'], [], [], [], [], [], [], [], [], ['HDA'], [], ['HDA'], [], [], ['HDA'], [], [], [], [], [], [], [], [], [], [], [], ['HDA'], [], [], [], [], [], [], ['HDA'], [], [], [], [], [], ['HDA'], [], [], [], ['HDA'], [], [], ['HDA'], [], [], [], [], [], [], [], [], [], [], [], [], ['HDA'], [], [], [], [], [], [], [], [], [], [], [], ['HDA'], [], [], [], [], [], [], [], [], ['HDA'], [], [], ['HDA'], [], ['HDA'], ['HDA'], ['HDA'], [], ['HDA'], [], [], [], [], [], [], [], [], ['HDA'], [], [], [], ['HDA'], [], [], [], [], [], ['IDA', 'HDA'], [], [], ['HDA'], ['HDA'], [], [], [], [], [], [], ['HDA'], [], [], [], [], [], [], [], [], [], [], [], [], [], ['HDA']]",extracellular exosome,GO:0070062,0.001032913763124701,"['GO:0005615', 'GO:1903561']",0.21935483870967742,query_1,155,0.016106110847939364,True,GO:CC,2111,2353,4
"""The lipid bilayer surrounding a vesicle transporting substances from the endoplasmic reticulum to the Golgi."" [GOC:ai, GOC:ascb_2009, GOC:dph, GOC:tb]",22149,36858,6,"[['TAS', 'IEA'], [], ['TAS'], [], [], [], [], [], [], [], ['TAS'], [], [], ['TAS'], [], [], [], [], [], [], [], [], [], [], [], [], [], [], [], [], [], [], [], [], [], [], [], [], [], [], [], [], [], [], [], [], [], [], [], ['TAS', 'IEA'], [], [], [], [], [], [], [], [], [], [], [], [], [], [], [], [], [], [], [], [], [], [], [], [], [], [], [], [], [], [], [], [], [], [], [], [], [], [], [], [], [], [], [], [], [], [], [], [], [], [], [], [], [], [], [], [], [], [], [], [], [], [], [], [], [], [], [], [], [], [], [], [], [], [], [], [], [], [], [], [], [], [], [], [], [], [], [], [], [], [], [], [], [], [], [], [], [], ['TAS', 'IEA'], [], [], [], [], [], [], [], [], [], [], [], [], [], [], [], [], [], [], [], [], [], [], [], [], [], [], [], [], [], [], [], [], [], [], []]",ER to Golgi transport vesicle membrane,GO:0012507,0.0012110374560561016,"['GO:0030134', 'GO:0030658', 'GO:0030662']",0.03870967741935484,query_1,155,0.1016949152542373,True,GO:CC,59,668,6
"""The broad region around and including the plasma membrane of a cell, encompassing the cell cortex (inside the cell), the plasma membrane, and any external encapsulating structures."" [GOC:pdt]",22149,38915,71,"[['IDA', 'IBA', 'TAS', 'NAS', 'IEA'], ['IEA'], ['IDA', 'IBA', 'TAS', 'NAS', 'IEA'], ['TAS', 'IEA'], [], ['IDA', 'ISS', 'IBA', 'NAS', 'IEA'], [], [], [], ['IEA'], ['IDA', 'IBA', 'TAS', 'IEA'], [], [], ['IDA', 'IMP', 'IBA', 'TAS', 'IEA'], [], ['TAS', 'IEA'], [], ['IDA', 'TAS', 'IEA'], [], ['IBA', 'IEA'], ['IBA', 'TAS', 'IEA'], ['ISS', 'IEA'], ['TAS'], [], [], ['IDA', 'IBA', 'TAS'], ['TAS', 'NAS', 'IEA'], ['IDA', 'ISS', 'IEA'], [], ['IBA'], [], [], [], [], ['IEA'], ['IDA', 'TAS', 'IEA'], ['ISS', 'IBA', 'TAS', 'IEA'], [], ['IDA', 'IEA'], [], ['IDA', 'ISS', 'IBA', 'TAS', 'IEA'], [], [], [], ['IDA', 'IMP', 'IEA'], ['IBA'], [], [], [], ['IDA', 'IBA', 'TAS', 'NAS', 'IEA'], ['IDA', 'ISO', 'IBA', 'TAS', 'IEA'], ['IDA', 'TAS', 'IEA'], ['IEA'], [], [], [], [], [], ['ISS', 'IBA', 'TAS', 'IEA'], [], ['IBA'], [], ['IDA', 'NAS'], [], [], ['IBA', 'TAS', 'IEA'], [], [], [], [], [], ['NAS'], ['IDA', 'IBA', 'TAS', 'IEA'], [], ['IBA', 'IEA'], ['IDA', 'IMP', 'ISS', 'IBA', 'TAS', 'IEA'], [], [], ['IDA', 'IMP', 'IBA', 'IEA'], [], [], ['IBA'], ['IDA', 'ISS', 'IBA', 'TAS', 'IEA'], ['IDA', 'TAS', 'NAS', 'IEA'], [], [], [], [], ['IBA', 'IEA'], [], ['IBA'], [], ['IDA', 'IBA', 'TAS', 'IEA'], [], [], ['IDA', 'TAS', 'IEA'], ['IDA', 'IPI', 'ISS', 'IBA', 'TAS', 'NAS', 'IEA'], [], [], ['IDA', 'IEA'], [], [], [], [], ['IDA', 'IBA', 'TAS', 'IEA'], [], [], [], ['HDA'], [], [], [], [], [], ['IDA'], [], [], ['HDA', 'IBA', 'TAS', 'IEA'], ['IDA'], ['IBA', 'NAS'], ['TAS'], [], [], [], [], [], [], [], ['TAS', 'IEA'], [], [], [], [], [], [], ['IBA'], ['TAS', 'IEA'], [], ['ISS', 'IBA', 'TAS', 'NAS', 'IEA'], [], [], [], [], [], [], [], [], ['IDA', 'IBA', 'TAS', 'NAS', 'IEA'], [], [], ['IDA', 'TAS', 'IEA'], ['IDA', 'ISS', 'IBA', 'IEA'], [], [], ['IEA'], ['IEA'], [], ['IDA', 'HDA'], ['TAS', 'IEA'], ['IEA'], ['TAS'], [], [], [], [], [], [], [], [], [], ['IEA'], [], [], [], [], [], ['ISS', 'IEA'], ['IDA', 'ISS', 'TAS', 'IEA'], [], ['IDA'], [], [], []]",cell periphery,GO:0071944,0.0013857553584947651,['GO:0110165'],0.45806451612903226,query_1,155,0.011186387269576178,True,GO:CC,6347,2725,3
"""Any vesicle that is part of the extracellular region."" [GO_REF:0000064, GOC:pm, GOC:TermGenie, PMID:24769233]",22149,39847,34,"[['HDA'], [], [], ['HDA'], [], [], [], [], [], [], [], [], [], ['HDA'], [], ['HDA'], [], [], [], [], ['HDA'], [], [], [], [], [], [], [], [], [], ['HDA'], [], ['HDA'], [], [], ['HDA'], ['HDA'], [], ['HDA'], [], [], [], [], [], [], [], [], [], [], ['HDA'], [], [], [], [], [], [], [], [], ['HDA'], [], ['HDA'], [], [], ['HDA'], [], [], [], [], [], [], [], [], [], [], [], ['HDA'], [], [], [], [], [], [], ['HDA'], [], [], [], [], [], ['HDA'], [], [], [], ['HDA'], [], [], ['HDA'], [], [], [], [], [], [], [], [], [], [], [], [], ['HDA'], [], [], [], [], [], [], [], [], [], [], [], ['HDA'], [], [], [], [], [], [], [], [], ['HDA'], [], [], ['HDA'], [], ['HDA'], ['HDA'], ['HDA'], [], ['HDA'], [], [], [], [], [], [], [], [], ['HDA'], [], [], [], ['HDA'], [], [], [], [], [], ['IDA', 'HDA'], [], [], ['HDA'], ['HDA'], [], [], [], [], [], [], ['HDA'], [], [], [], [], [], [], [], [], [], [], [], [], [], ['HDA']]",extracellular vesicle,GO:1903561,0.001408646812044267,"['GO:0031982', 'GO:0065010']",0.21935483870967742,query_1,155,0.015880429705744978,True,GO:CC,2141,3657,4
"""Organized structure of distinctive morphology and function, occurring outside the cell. Includes, for example, extracellular membrane vesicles (EMVs) and the cellulosomes of anaerobic bacteria and fungi."" [GOC:jl, PMID:9914479]",22149,38034,34,"[['HDA'], [], [], ['HDA'], [], [], [], [], [], [], [], [], [], ['HDA'], [], ['HDA'], [], [], [], [], ['HDA'], [], [], [], [], [], [], [], [], [], ['HDA'], [], ['HDA'], [], [], ['HDA'], ['HDA'], [], ['HDA'], [], [], [], [], [], [], [], [], [], [], ['HDA'], [], [], [], [], [], [], [], [], ['HDA'], [], ['HDA'], [], [], ['HDA'], [], [], [], [], [], [], [], [], [], [], [], ['HDA'], [], [], [], [], [], [], ['HDA'], [], [], [], [], [], ['HDA'], [], [], [], ['HDA'], [], [], ['HDA'], [], [], [], [], [], [], [], [], [], [], [], [], ['HDA'], [], [], [], [], [], [], [], [], [], [], [], ['HDA'], [], [], [], [], [], [], [], [], ['HDA'], [], [], ['HDA'], [], ['HDA'], ['HDA'], ['HDA'], [], ['HDA'], [], [], [], [], [], [], [], [], ['HDA'], [], [], [], ['HDA'], [], [], [], [], [], ['IDA', 'HDA'], [], [], ['HDA'], ['HDA'], [], [], [], [], [], [], ['HDA'], [], [], [], [], [], [], [], [], [], [], [], [], [], ['HDA']]",extracellular organelle,GO:0043230,0.001423117703735565,"['GO:0005576', 'GO:0043226']",0.21935483870967742,query_1,155,0.015873015873015872,True,GO:CC,2142,1844,4
"""Organized structure of distinctive morphology and function, bounded by a lipid bilayer membrane and occurring outside the cell."" [GOC:isa_complete]",22149,38523,34,"[['HDA'], [], [], ['HDA'], [], [], [], [], [], [], [], [], [], ['HDA'], [], ['HDA'], [], [], [], [], ['HDA'], [], [], [], [], [], [], [], [], [], ['HDA'], [], ['HDA'], [], [], ['HDA'], ['HDA'], [], ['HDA'], [], [], [], [], [], [], [], [], [], [], ['HDA'], [], [], [], [], [], [], [], [], ['HDA'], [], ['HDA'], [], [], ['HDA'], [], [], [], [], [], [], [], [], [], [], [], ['HDA'], [], [], [], [], [], [], ['HDA'], [], [], [], [], [], ['HDA'], [], [], [], ['HDA'], [], [], ['HDA'], [], [], [], [], [], [], [], [], [], [], [], [], ['HDA'], [], [], [], [], [], [], [], [], [], [], [], ['HDA'], [], [], [], [], [], [], [], [], ['HDA'], [], [], ['HDA'], [], ['HDA'], ['HDA'], ['HDA'], [], ['HDA'], [], [], [], [], [], [], [], [], ['HDA'], [], [], [], ['HDA'], [], [], [], [], [], ['IDA', 'HDA'], [], [], ['HDA'], ['HDA'], [], [], [], [], [], [], ['HDA'], [], [], [], [], [], [], [], [], [], [], [], [], [], ['HDA']]",extracellular membrane-bounded organelle,GO:0065010,0.001423117703735565,"['GO:0043227', 'GO:0043230']",0.21935483870967742,query_1,155,0.015873015873015872,True,GO:CC,2142,2333,4
Epstein-Barr virus infection,8484,40663,10,"[['KEGG'], ['KEGG'], ['KEGG'], [], [], [], [], [], [], [], ['KEGG'], [], [], ['KEGG'], [], [], [], [], [], [], [], [], [], [], [], [], [], [], [], [], [], [], [], [], [], [], [], [], [], [], [], [], [], [], [], [], [], [], [], ['KEGG'], [], [], [], [], [], [], [], [], [], [], [], [], [], [], [], [], [], [], [], [], [], [], [], [], [], [], [], [], [], [], [], [], [], [], [], [], [], [], [], [], [], [], [], [], ['KEGG'], [], ['KEGG'], [], [], [], [], [], [], [], [], [], [], [], [], [], [], [], [], [], [], [], [], [], ['KEGG'], [], [], [], [], [], [], [], [], [], [], [], [], [], [], [], [], [], [], [], [], [], [], [], [], [], [], [], [], ['KEGG'], [], [], [], [], [], [], [], [], [], [], [], [], [], [], [], [], [], [], [], [], [], [], [], [], [], [], [], [], [], [], [], [], [], [], []]",Epstein-Barr virus infection,KEGG:05169,0.0016798127700561013,['KEGG:00000'],0.12195121951219512,query_1,82,0.050505050505050504,True,KEGG,198,450,27
"""A transmembrane protein complex composed of an MHC class II alpha and MHC class II beta chain, and with or without a bound peptide or polysaccharide antigen."" [GOC:add, GOC:jl, ISBN:0120781859, PMID:15928678]",22149,37965,4,"[[], ['IEA'], ['IDA', 'IBA', 'IEA'], [], [], [], [], [], [], [], ['IDA', 'IBA', 'IEA'], [], [], ['IDA', 'IMP', 'IBA', 'IEA'], [], [], [], [], [], [], [], [], [], [], [], [], [], [], [], [], [], [], [], [], [], [], [], [], [], [], [], [], [], [], [], [], [], [], [], [], [], [], [], [], [], [], [], [], [], [], [], [], [], [], [], [], [], [], [], [], [], [], [], [], [], [], [], [], [], [], [], [], [], [], [], [], [], [], [], [], [], [], [], [], [], [], [], [], [], [], [], [], [], [], [], [], [], [], [], [], [], [], [], [], [], [], [], [], [], [], [], [], [], [], [], [], [], [], [], [], [], [], [], [], [], [], [], [], [], [], [], [], [], [], [], [], [], [], [], [], [], [], [], [], [], [], [], [], [], [], [], [], [], [], [], [], [], [], [], [], [], [], [], [], [], [], [], [], [], [], [], [], []]",MHC class II protein complex,GO:0042613,0.0017516056741965073,['GO:0042611'],0.025806451612903226,query_1,155,0.23529411764705882,True,GO:CC,17,1775,5
"""Any process that modulates the frequency, rate, or extent of T cell mediated cytotoxicity."" [GOC:add, ISBN:0781735149]",21026,10683,6,"[['IDA', 'IBA'], [], [], [], [], [], [], [], [], [], [], [], [], ['IDA'], [], [], [], [], [], [], [], [], [], [], [], [], [], [], [], [], [], [], [], [], [], [], [], [], [], [], [], [], [], [], [], [], [], [], [], ['IBA'], ['IDA'], [], [], [], [], [], [], [], [], [], [], [], [], [], [], [], [], [], [], [], [], [], ['IEA'], [], [], [], [], [], [], [], [], [], [], [], [], [], [], [], [], [], [], [], [], [], [], [], [], [], [], [], [], [], [], [], [], [], [], [], [], [], [], [], [], [], [], [], [], [], [], [], [], [], [], [], [], [], [], [], [], [], [], [], [], [], [], [], [], [], [], [], [], [], [], [], [], [], [], ['IDA', 'IBA', 'IEA'], [], [], [], [], [], [], [], [], [], [], [], [], [], [], [], [], [], [], [], [], [], [], [], [], [], [], [], [], [], [], [], [], [], [], []]",regulation of T cell mediated cytotoxicity,GO:0001914,0.001980251834175998,"['GO:0001910', 'GO:0001913', 'GO:0002709']",0.039735099337748346,query_1,151,0.125,True,GO:BP,48,529,14
"""A cell-substrate junction (attachment structure) found in epithelial cells that links intermediate filaments to extracellular matrices via transmembrane complexes. In vertebrates, hemidesmosomes mediate contact between the basal side of epithelial cells and the basal lamina. In C. elegans, hemidesmosomes connect epithelial cells to distinct extracellular matrices on both the apical and basal cell surfaces."" [GOC:kmv, ISBN:0815316208, PMID:20205195]",22149,37036,3,"[[], [], [], [], [], [], [], [], [], [], [], [], [], [], [], [], [], [], [], [], [], [], [], [], [], [], ['IDA', 'IBA', 'TAS', 'IEA'], [], [], [], [], [], [], [], [], [], [], [], [], [], [], [], [], [], [], [], [], [], [], [], [], [], [], [], [], [], [], [], [], [], [], [], [], [], [], [], [], [], [], [], [], [], [], [], [], [], [], [], [], [], [], [], [], ['IDA', 'IEA'], [], [], [], [], [], [], [], [], [], [], [], [], [], [], [], [], [], [], [], [], [], [], [], [], [], [], [], [], [], [], [], [], [], ['IDA', 'IBA', 'IEA'], [], [], [], [], [], [], [], [], [], [], [], [], [], [], [], [], [], [], [], [], [], [], [], [], [], [], [], [], [], [], [], [], [], [], [], [], [], [], [], [], [], [], [], [], [], [], [], [], [], [], [], [], [], [], [], [], [], [], [], [], [], [], [], [], []]",hemidesmosome,GO:0030056,0.003946973197521804,['GO:0030055'],0.01935483870967742,query_1,155,0.42857142857142855,True,GO:CC,7,846,7
"""An immune response mediated by cells expressing specific receptors for antigens produced through a somatic diversification process, and allowing for an enhanced secondary response to subsequent exposures to the same antigen (immunological memory)."" [GO_REF:0000022, GOC:add, ISBN:0781735149]",21026,10934,19,"[['IDA', 'IBA', 'IEA'], ['IEA'], ['IEA'], ['IEA'], [], [], [], [], [], ['IEA'], ['IEA'], [], [], ['IDA', 'IMP', 'IEA'], [], ['IEA'], [], ['IEA'], [], [], ['IDA', 'IEA'], [], [], [], [], [], [], [], [], [], [], [], [], [], ['IBA', 'IEA'], [], [], [], [], [], [], [], [], [], [], [], [], [], [], ['IBA', 'IEA'], ['IDA', 'IEA'], [], [], [], [], [], [], [], [], [], [], [], [], [], [], [], [], [], [], [], [], [], ['IEA'], [], [], [], [], [], [], [], [], [], [], [], [], [], [], [], [], [], [], [], [], [], [], [], ['NAS', 'IEA'], [], [], [], [], [], [], [], [], [], [], [], [], [], [], [], [], [], [], [], [], [], [], [], [], [], [], [], [], [], [], [], ['IBA', 'IEA'], [], [], [], [], [], [], [], [], [], [], [], [], [], [], [], [], [], [], ['IDA', 'IBA', 'IEA'], [], [], [], [], [], [], [], [], ['TAS'], [], ['IBA', 'IEA'], [], [], [], [], [], [], [], [], [], [], [], [], [], [], [], [], [], [], [], [], [], [], [], []]",adaptive immune response,GO:0002250,0.004000325308446119,['GO:0006955'],0.12582781456953643,query_1,151,0.024934383202099737,True,GO:BP,762,780,16
"""The directed killing of a target cell by a T cell through the release of granules containing cytotoxic mediators or through the engagement of death receptors."" [GOC:add, GOC:pr, ISBN:0781735149, PMID:11911826]",21026,10682,6,"[['IDA', 'IBA'], [], [], [], [], [], [], [], [], [], [], [], [], ['IDA'], [], [], [], [], [], [], [], [], [], [], [], [], [], [], [], [], [], [], [], [], [], [], [], [], [], [], [], [], [], [], [], [], [], [], [], ['IBA'], ['IDA'], [], [], [], [], [], [], [], [], [], [], [], [], [], [], [], [], [], [], [], [], [], ['IEA'], [], [], [], [], [], [], [], [], [], [], [], [], [], [], [], [], [], [], [], [], [], [], [], [], [], [], [], [], [], [], [], [], [], [], [], [], [], [], [], [], [], [], [], [], [], [], [], [], [], [], [], [], [], [], [], [], [], [], [], [], [], [], [], [], [], [], [], [], [], [], [], [], [], [], ['IDA', 'IBA', 'IEA'], [], [], [], [], [], [], [], [], [], [], [], [], [], [], [], [], [], [], [], [], [], [], [], [], [], [], [], [], [], [], [], [], [], [], []]",T cell mediated cytotoxicity,GO:0001913,0.004997590076716371,"['GO:0001909', 'GO:0002456']",0.039735099337748346,query_1,151,0.10714285714285714,True,GO:BP,56,528,14
"""A transmembrane protein complex composed of a MHC class I alpha chain and an invariant beta2-microglobin chain, and with or without a bound peptide antigen. Class I here refers to classical class I molecules."" [GOC:add, GOC:jl, ISBN:0120781859, ISBN:0781735149]",22149,37964,3,"[['IDA', 'IEA'], [], [], [], [], [], [], [], [], [], [], [], [], [], [], [], [], [], [], [], [], [], [], [], [], [], [], [], [], [], [], [], [], [], [], [], [], [], [], [], [], [], [], [], [], [], [], [], [], ['IDA', 'IEA'], [], [], [], [], [], [], [], [], [], [], [], [], [], [], [], [], [], [], [], [], [], [], [], [], [], [], [], [], [], [], [], [], [], [], [], [], [], [], [], [], [], [], [], [], [], [], [], [], [], [], [], [], [], [], [], [], [], [], [], [], [], [], [], [], [], [], [], [], [], [], [], [], [], [], [], [], [], [], [], [], [], [], [], [], [], [], [], [], [], [], [], [], [], [], [], [], [], ['IDA', 'IEA'], [], [], [], [], [], [], [], [], [], [], [], [], [], [], [], [], [], [], [], [], [], [], [], [], [], [], [], [], [], [], [], [], [], [], []]",MHC class I protein complex,GO:0042612,0.006282689111350703,['GO:0042611'],0.01935483870967742,query_1,155,0.375,True,GO:CC,8,1774,5
"""The membrane surrounding a cell that separates the cell from its external environment. It consists of a phospholipid bilayer and associated proteins."" [ISBN:0716731363]",22149,36599,65,"[['IDA', 'IBA', 'TAS', 'NAS', 'IEA'], ['IEA'], ['IDA', 'IBA', 'TAS', 'NAS', 'IEA'], ['TAS', 'IEA'], [], ['IDA', 'ISS', 'IBA', 'NAS', 'IEA'], [], [], [], ['IEA'], ['IDA', 'IBA', 'TAS', 'IEA'], [], [], ['IDA', 'IMP', 'IBA', 'TAS', 'IEA'], [], ['TAS', 'IEA'], [], ['IDA', 'TAS', 'IEA'], [], ['IBA', 'IEA'], ['IBA', 'TAS', 'IEA'], ['IEA'], ['TAS'], [], [], ['IDA', 'IBA', 'TAS'], ['NAS', 'IEA'], ['IDA', 'ISS', 'IEA'], [], ['IBA'], [], [], [], [], ['IEA'], ['TAS', 'IEA'], ['ISS', 'IBA', 'TAS', 'IEA'], [], ['IDA', 'IEA'], [], ['IDA', 'ISS', 'IBA', 'TAS', 'IEA'], [], [], [], ['IDA', 'IMP', 'IEA'], [], [], [], [], ['IDA', 'IBA', 'TAS', 'NAS', 'IEA'], ['IDA', 'ISO', 'IBA', 'TAS', 'IEA'], ['IDA', 'TAS', 'IEA'], ['IEA'], [], [], [], [], [], ['ISS', 'IBA', 'TAS', 'IEA'], [], [], [], ['IDA', 'NAS'], [], [], ['IBA', 'TAS', 'IEA'], [], [], [], [], [], [], ['IDA', 'IBA', 'TAS', 'IEA'], [], ['IBA', 'IEA'], ['IDA', 'IMP', 'ISS', 'IBA', 'TAS', 'IEA'], [], [], ['IEA'], [], [], ['IBA'], ['IDA', 'ISS', 'IBA', 'TAS', 'IEA'], ['IDA', 'TAS', 'NAS', 'IEA'], [], [], [], [], ['IBA', 'IEA'], [], ['IBA'], [], ['IDA', 'IBA', 'TAS', 'IEA'], [], [], ['IDA', 'TAS', 'IEA'], ['IDA', 'IPI', 'ISS', 'IBA', 'TAS', 'NAS', 'IEA'], [], [], ['IDA', 'IEA'], [], [], [], [], ['IDA', 'IBA', 'TAS', 'IEA'], [], [], [], [], [], [], [], [], [], ['IDA'], [], [], ['TAS'], ['IDA'], ['IBA', 'NAS'], ['TAS'], [], [], [], [], [], [], [], ['TAS', 'IEA'], [], [], [], [], [], [], [], ['TAS', 'IEA'], [], ['ISS', 'IBA', 'TAS', 'NAS', 'IEA'], [], [], [], [], [], [], [], [], ['IDA', 'IBA', 'TAS', 'NAS', 'IEA'], [], [], ['IDA', 'TAS', 'IEA'], ['IDA', 'ISS', 'IBA', 'IEA'], [], [], [], ['IEA'], [], ['IDA'], ['TAS', 'IEA'], ['IEA'], ['TAS'], [], [], [], [], [], [], [], [], [], ['IEA'], [], [], [], [], [], ['ISS', 'IEA'], ['IDA', 'ISS', 'TAS', 'IEA'], [], ['IDA'], [], [], []]",plasma membrane,GO:0005886,0.007079276362832278,"['GO:0016020', 'GO:0071944']",0.41935483870967744,query_1,155,0.011080804636890556,True,GO:CC,5866,409,3
"""A vacuole to which materials ingested by endocytosis are delivered."" [ISBN:0198506732, PMID:19696797]",22149,36513,21,"[['TAS', 'IEA'], ['IEA'], ['IBA', 'IEA'], [], [], ['IEA'], [], [], [], [], ['IBA', 'IEA'], [], [], ['IDA', 'IBA', 'IEA'], [], [], [], [], [], [], [], [], [], [], [], [], [], [], [], [], [], [], [], [], [], ['TAS'], ['TAS'], [], [], [], [], [], [], [], [], [], [], [], [], ['TAS', 'IEA'], [], [], [], [], [], [], [], [], ['IEA'], [], [], [], [], [], [], [], [], [], [], [], [], [], [], [], [], [], [], ['IDA', 'IBA', 'IEA'], [], [], [], ['IEA'], [], [], [], [], [], [], [], ['IDA', 'IBA', 'IEA'], [], [], [], [], [], [], [], [], [], [], [], [], [], [], [], [], [], [], [], ['IDA', 'IBA', 'IEA'], [], [], ['NAS'], [], [], [], [], [], [], [], ['IDA', 'IEA'], [], [], ['IEA'], [], [], [], [], [], [], [], [], [], [], [], [], [], [], [], [], [], [], [], [], [], [], [], ['TAS', 'IEA'], [], [], [], ['IDA', 'IBA', 'IEA'], [], [], [], [], [], [], [], [], [], [], [], [], [], [], ['NAS'], ['IDA', 'IEA'], [], [], [], [], [], [], [], [], [], [], [], [], [], [], []]",endosome,GO:0005768,0.0077005389174527724,"['GO:0012505', 'GO:0031410']",0.13548387096774195,query_1,155,0.019390581717451522,True,GO:CC,1083,323,8
"""Binding to TAP protein, transporter associated with antigen processing protein. TAP protein is a heterodimeric peptide transporter consisting of the subunits TAP1 and TAP2."" [PMID:11133832]",20246,5739,3,"[['IDA'], [], [], [], [], [], [], [], [], [], [], [], [], [], [], [], [], [], [], [], [], [], [], [], [], [], [], [], [], [], [], [], [], [], [], [], [], [], [], [], [], [], [], [], [], [], [], [], [], ['IDA'], [], [], [], [], [], [], [], [], [], [], [], [], [], [], [], [], [], [], [], [], [], [], [], [], [], [], [], [], [], [], [], [], [], [], [], [], [], [], [], [], [], [], [], [], [], [], [], [], [], [], [], [], [], [], [], [], [], [], [], [], [], [], [], [], [], [], [], [], [], [], [], [], [], [], [], [], [], [], [], [], [], [], [], [], [], [], [], [], [], [], [], [], [], [], [], [], [], ['IDA'], [], [], [], [], [], [], [], [], [], [], [], [], [], [], [], [], [], [], [], [], [], [], [], [], [], [], [], [], [], [], [], [], [], [], []]",TAP binding,GO:0046977,0.009985215038972291,['GO:0005515'],0.020134228187919462,query_1,149,0.42857142857142855,True,GO:MF,7,5739,2
Asthma,8484,40694,4,"[[], ['KEGG'], ['KEGG'], [], [], [], [], [], [], [], ['KEGG'], [], [], ['KEGG'], [], [], [], [], [], [], [], [], [], [], [], [], [], [], [], [], [], [], [], [], [], [], [], [], [], [], [], [], [], [], [], [], [], [], [], [], [], [], [], [], [], [], [], [], [], [], [], [], [], [], [], [], [], [], [], [], [], [], [], [], [], [], [], [], [], [], [], [], [], [], [], [], [], [], [], [], [], [], [], [], [], [], [], [], [], [], [], [], [], [], [], [], [], [], [], [], [], [], [], [], [], [], [], [], [], [], [], [], [], [], [], [], [], [], [], [], [], [], [], [], [], [], [], [], [], [], [], [], [], [], [], [], [], [], [], [], [], [], [], [], [], [], [], [], [], [], [], [], [], [], [], [], [], [], [], [], [], [], [], [], [], [], [], [], [], [], [], [], []]",Asthma,KEGG:05310,0.010648531757636718,['KEGG:00000'],0.04878048780487805,query_1,82,0.14814814814814814,True,KEGG,27,481,28
"""Any process that modulates the frequency, rate or extent of T cell proliferation."" [GOC:jl]",21026,20046,9,"[[], [], ['IMP'], [], [], [], [], [], [], [], ['IMP'], [], [], ['IMP'], [], [], [], ['IMP'], [], [], ['ISS', 'IEA'], [], [], [], [], [], [], [], [], [], [], [], [], [], [], [], [], [], [], [], [], [], [], [], [], [], [], [], [], [], [], [], [], [], [], [], [], [], [], [], [], [], [], [], [], [], [], [], [], [], [], [], [], [], [], [], [], [], [], [], [], [], [], [], [], [], [], [], [], [], ['IEA'], [], [], [], [], [], [], [], [], [], [], [], [], [], [], [], [], [], [], [], [], [], [], [], [], [], [], [], [], ['IDA'], [], [], [], [], [], [], [], [], [], [], [], [], [], [], [], [], [], [], [], [], [], [], [], [], [], [], [], ['IDA'], [], [], [], [], [], [], [], [], ['ISS', 'IEA'], [], [], [], [], [], [], [], [], [], [], [], [], [], [], [], [], [], [], [], [], [], [], [], [], [], []]",regulation of T cell proliferation,GO:0042129,0.010961867252133611,"['GO:0042098', 'GO:0050670', 'GO:0050863']",0.059602649006622516,query_1,151,0.049723756906077346,True,GO:BP,181,9892,12
"""The aggregation, arrangement and bonding together of a set of components to form an MHC protein complex."" [GOC:add, ISBN:0781735149, PMID:15771591, PMID:15928678]",21026,11072,4,"[[], [], ['IBA'], [], [], [], [], [], [], [], ['IBA'], [], [], ['IDA', 'IBA'], [], [], [], [], [], [], [], [], [], [], [], [], [], [], [], [], [], [], [], [], [], [], [], [], [], [], [], [], [], [], [], [], [], [], [], [], [], [], [], [], [], [], [], [], [], [], [], [], [], [], [], [], [], [], [], [], [], [], [], [], [], [], [], [], [], [], [], [], [], [], [], [], [], [], [], [], [], [], [], [], [], [], [], [], [], [], [], [], [], [], [], [], [], [], [], [], [], [], [], [], [], [], [], [], [], [], [], [], [], [], [], [], [], [], [], [], [], [], [], [], [], [], [], [], [], [], [], [], [], [], [], [], [], ['IDA'], [], [], [], [], [], [], [], [], [], [], [], [], [], [], [], [], [], [], [], [], [], [], [], [], [], [], [], [], [], [], [], [], [], [], []]",MHC protein complex assembly,GO:0002396,0.012053653955634699,['GO:0065003'],0.026490066225165563,query_1,151,0.2222222222222222,True,GO:BP,18,918,13
"""The binding of a peptide to the antigen binding groove of an MHC protein complex."" [GOC:add, ISBN:0781735149, PMID:15771591]",21026,11176,4,"[[], [], ['IBA'], [], [], [], [], [], [], [], ['IBA'], [], [], ['IDA', 'IBA'], [], [], [], [], [], [], [], [], [], [], [], [], [], [], [], [], [], [], [], [], [], [], [], [], [], [], [], [], [], [], [], [], [], [], [], [], [], [], [], [], [], [], [], [], [], [], [], [], [], [], [], [], [], [], [], [], [], [], [], [], [], [], [], [], [], [], [], [], [], [], [], [], [], [], [], [], [], [], [], [], [], [], [], [], [], [], [], [], [], [], [], [], [], [], [], [], [], [], [], [], [], [], [], [], [], [], [], [], [], [], [], [], [], [], [], [], [], [], [], [], [], [], [], [], [], [], [], [], [], [], [], [], [], ['IDA'], [], [], [], [], [], [], [], [], [], [], [], [], [], [], [], [], [], [], [], [], [], [], [], [], [], [], [], [], [], [], [], [], [], [], []]",peptide antigen assembly with MHC protein complex,GO:0002501,0.012053653955634699,"['GO:0002396', 'GO:0048002', 'GO:0065003']",0.026490066225165563,query_1,151,0.2222222222222222,True,GO:BP,18,1022,13
"""A vesicle with a coat formed of the COPII coat complex proteins. The COPII coat complex is formed by the Sec23p/Sec24p and the Sec13p/Sec31p heterodimers. COPII-associated vesicles transport proteins from the rough endoplasmic reticulum to the Golgi apparatus (anterograde transport)."" [PMID:11252894, PMID:17499046, PMID:22160157, PMID:8004676, Wikipedia:COPII]",22149,37075,6,"[['TAS', 'IEA'], [], ['TAS'], [], [], [], [], [], [], [], ['TAS'], [], [], ['TAS'], [], [], [], [], [], [], [], [], [], [], [], [], [], [], [], [], [], [], [], [], [], [], [], [], [], [], [], [], [], [], [], [], [], [], [], ['TAS', 'IEA'], [], [], [], [], [], [], [], [], [], [], [], [], [], [], [], [], [], [], [], [], [], [], [], [], [], [], [], [], [], [], [], [], [], [], [], [], [], [], [], [], [], [], [], [], [], [], [], [], [], [], [], [], [], [], [], [], [], [], [], [], [], [], [], [], [], [], [], [], [], [], [], [], [], [], [], [], [], [], [], [], [], [], [], [], [], [], [], [], [], [], [], [], [], [], [], [], [], ['TAS', 'IEA'], [], [], [], [], [], [], [], [], [], [], [], [], [], [], [], [], [], [], [], [], [], [], [], [], [], [], [], [], [], [], [], [], [], [], []]",COPII-coated ER to Golgi transport vesicle,GO:0030134,0.014002139795923668,['GO:0030135'],0.03870967741935484,query_1,155,0.06666666666666667,True,GO:CC,90,885,6
"""Any process that modulates the frequency, rate or extent of lymphocyte proliferation."" [GOC:ai]",21026,23187,10,"[[], [], ['IMP'], [], [], [], [], [], [], [], ['IMP'], [], [], ['IMP'], [], [], [], ['IMP'], [], [], ['ISS', 'IEA'], [], [], [], [], [], [], [], [], [], [], [], [], [], [], [], [], [], [], [], [], [], [], [], [], [], [], [], [], [], [], [], [], [], [], [], [], [], [], ['ISS', 'IEA'], [], [], [], [], [], [], [], [], [], [], [], [], [], [], [], [], [], [], [], [], [], [], [], [], [], [], [], [], [], [], ['IEA'], [], [], [], [], [], [], [], [], [], [], [], [], [], [], [], [], [], [], [], [], [], [], [], [], [], [], [], [], ['IDA'], [], [], [], [], [], [], [], [], [], [], [], [], [], [], [], [], [], [], [], [], [], [], [], [], [], [], [], ['IDA'], [], [], [], [], [], [], [], [], ['ISS', 'IEA'], [], [], [], [], [], [], [], [], [], [], [], [], [], [], [], [], [], [], [], [], [], [], [], [], [], []]",regulation of lymphocyte proliferation,GO:0050670,0.014274337292753063,"['GO:0032944', 'GO:0046651', 'GO:0051249']",0.06622516556291391,query_1,151,0.04219409282700422,True,GO:BP,237,13033,12
"""The process in which an antigen-presenting cell expresses peptide antigen in association with an MHC protein complex on its cell surface, including proteolysis and transport steps for the peptide antigen both prior to and following assembly with the MHC protein complex. The peptide antigen is typically, but not always, processed from an endogenous or exogenous protein."" [GOC:add, ISBN:0781735149, PMID:15771591]",21026,22447,6,"[['IDA', 'IBA', 'IEA'], [], ['IMP', 'IBA'], [], [], [], [], [], [], [], ['IDA', 'IMP', 'IBA'], [], [], ['IDA', 'IBA'], [], [], [], [], [], [], [], [], [], [], [], [], [], [], [], [], [], [], [], [], [], [], [], [], [], [], [], [], [], [], [], [], [], [], [], ['IDA', 'IBA', 'IEA'], [], [], [], [], [], [], [], [], [], [], [], [], [], [], [], [], [], [], [], [], [], [], [], [], [], [], [], [], [], [], [], [], [], [], [], [], [], [], [], [], [], [], [], [], [], [], [], [], [], [], [], [], [], [], [], [], [], [], [], [], [], [], [], [], [], [], [], [], [], [], [], [], [], [], [], [], [], [], [], [], [], [], [], [], [], [], [], [], [], [], [], [], [], [], [], [], [], ['IDA', 'IMP', 'IBA', 'IEA'], [], [], [], [], [], [], [], [], [], [], [], [], [], [], [], [], [], [], [], [], [], [], [], [], [], [], [], [], [], [], [], [], [], [], []]",antigen processing and presentation of peptide antigen,GO:0048002,0.01569537759968635,['GO:0019882'],0.039735099337748346,query_1,151,0.08823529411764706,True,GO:BP,68,12293,13
"""Any process that modulates the frequency, rate, or extent of T cell mediated immunity."" [GOC:add]",21026,11379,7,"[['IDA', 'IBA'], [], [], [], [], [], [], [], [], [], [], [], [], ['IDA'], [], [], [], [], [], [], ['IEA'], [], [], [], [], [], [], [], [], [], [], [], [], [], [], [], [], [], [], [], [], [], [], [], [], [], [], [], [], ['IBA'], ['IDA'], [], [], [], [], [], [], [], [], [], [], [], [], [], [], [], [], [], [], [], [], [], ['IEA'], [], [], [], [], [], [], [], [], [], [], [], [], [], [], [], [], [], [], [], [], [], [], [], [], [], [], [], [], [], [], [], [], [], [], [], [], [], [], [], [], [], [], [], [], [], [], [], [], [], [], [], [], [], [], [], [], [], [], [], [], [], [], [], [], [], [], [], [], [], [], [], [], [], [], ['IDA', 'IBA', 'IEA'], [], [], [], [], [], [], [], [], [], [], [], [], [], [], [], [], [], [], [], [], [], [], [], [], [], [], [], [], [], [], [], [], [], [], []]",regulation of T cell mediated immunity,GO:0002709,0.016950051359904354,"['GO:0002456', 'GO:0002706', 'GO:0002822']",0.046357615894039736,query_1,151,0.0673076923076923,True,GO:BP,104,1225,14
"""Any process that modulates the frequency, rate or extent of mononuclear cell proliferation."" [GOC:add]",21026,18026,10,"[[], [], ['IMP'], [], [], [], [], [], [], [], ['IMP'], [], [], ['IMP'], [], [], [], ['IMP'], [], [], ['ISS', 'IEA'], [], [], [], [], [], [], [], [], [], [], [], [], [], [], [], [], [], [], [], [], [], [], [], [], [], [], [], [], [], [], [], [], [], [], [], [], [], [], ['ISS', 'IEA'], [], [], [], [], [], [], [], [], [], [], [], [], [], [], [], [], [], [], [], [], [], [], [], [], [], [], [], [], [], [], ['IEA'], [], [], [], [], [], [], [], [], [], [], [], [], [], [], [], [], [], [], [], [], [], [], [], [], [], [], [], [], ['IDA'], [], [], [], [], [], [], [], [], [], [], [], [], [], [], [], [], [], [], [], [], [], [], [], [], [], [], [], ['IDA'], [], [], [], [], [], [], [], [], ['ISS', 'IEA'], [], [], [], [], [], [], [], [], [], [], [], [], [], [], [], [], [], [], [], [], [], [], [], [], [], []]",regulation of mononuclear cell proliferation,GO:0032944,0.017129094852907967,"['GO:0032943', 'GO:0070663']",0.06622516556291391,query_1,151,0.04132231404958678,True,GO:BP,242,7872,12
Immunoregulatory interactions between a Lymphoid and a non-Lymphoid cell,11004,41967,9,"[['REAC'], [], [], ['REAC'], [], [], [], [], [], [], [], [], [], [], [], ['REAC'], [], [], [], [], [], [], [], [], [], [], [], [], [], [], [], [], [], [], [], [], [], [], [], [], [], [], [], [], [], [], [], [], [], ['REAC'], ['REAC'], [], [], [], [], [], [], [], [], [], [], [], [], [], [], [], [], [], [], [], [], [], [], [], [], [], [], [], [], [], [], [], [], [], [], [], [], [], [], [], [], [], [], [], [], [], [], [], [], [], [], [], [], [], [], [], [], [], [], [], [], [], [], [], [], [], [], ['REAC'], [], [], [], [], [], [], [], [], [], [], ['REAC'], [], [], [], [], [], [], [], [], [], [], [], [], [], [], [], [], [], [], ['REAC'], [], [], [], [], [], [], [], [], [], [], ['REAC'], [], [], [], [], [], [], [], [], [], [], [], [], [], [], [], [], [], [], [], [], [], [], [], []]",Immunoregulatory interactions between a Lymphoid and a non-Lymphoid cell,REAC:R-HSA-198933,0.017393980062968807,['REAC:R-HSA-1280218'],0.09,query_1,100,0.04945054945054945,True,REAC,182,1184,30
"""Any process that stops, prevents, or reduces the frequency, rate or extent of the immune response, the immunological reaction of an organism to an immunogenic stimulus."" [GOC:ai]",21026,23234,9,"[['IDA'], [], [], [], [], [], [], [], [], [], [], [], [], ['IDA'], [], [], [], [], [], [], ['IEA'], [], [], [], [], [], [], [], [], [], [], [], [], [], [], [], [], [], [], [], [], [], [], [], [], [], [], [], [], [], ['IDA'], [], [], [], [], [], [], [], [], [], [], [], [], [], [], [], [], [], [], [], [], [], ['IEA'], [], [], [], [], [], [], [], [], [], [], [], [], [], [], [], [], [], [], [], [], [], [], [], [], [], [], [], [], [], [], [], [], [], [], [], [], ['NAS'], [], [], [], [], [], [], [], [], ['IMP'], [], [], [], [], [], [], [], [], [], [], [], [], [], [], [], [], [], [], [], [], [], [], [], [], [], [], [], [], ['IDA'], [], [], [], [], [], [], [], [], [], [], [], [], [], [], ['IDA', 'IMP'], [], [], [], [], [], [], [], [], [], [], [], [], [], [], [], [], [], [], [], []]",negative regulation of immune response,GO:0050777,0.022572650045671612,"['GO:0002683', 'GO:0006955', 'GO:0048585', 'GO:0050776']",0.059602649006622516,query_1,151,0.045454545454545456,True,GO:BP,198,13080,15
"""Any process that modulates the frequency, rate or extent of cell killing, the process in which a cell brings about the death of another cell, either in the same or a different organism."" [GOC:mah]",21026,17247,7,"[['IDA', 'IBA'], [], [], [], [], [], [], [], [], [], [], [], [], ['IDA'], [], [], [], [], [], [], [], [], [], [], [], [], [], [], [], [], [], [], [], [], [], [], [], [], [], [], [], [], [], [], [], [], [], [], [], ['IBA'], ['IDA', 'IBA'], [], [], [], [], [], [], [], [], [], [], [], [], [], [], [], [], [], [], [], [], [], ['IEA'], [], [], [], [], [], [], [], [], [], [], [], [], [], [], [], [], [], [], [], [], [], ['IEA'], [], [], [], [], [], [], [], [], [], [], [], [], [], [], [], [], [], [], [], [], [], [], [], [], [], [], [], [], [], [], [], [], [], [], [], [], [], [], [], [], [], [], [], [], [], [], [], [], [], [], [], [], ['IDA', 'IBA', 'IEA'], [], [], [], [], [], [], [], [], [], [], [], [], [], [], [], [], [], [], [], [], [], [], [], [], [], [], [], [], [], [], [], [], [], [], []]",regulation of cell killing,GO:0031341,0.023074816647464344,"['GO:0001906', 'GO:0050794']",0.046357615894039736,query_1,151,0.06422018348623854,True,GO:BP,109,7093,17
"""A cellular component consisting of one leaflet of a membrane bilayer and any proteins embedded or anchored in it or attached to its surface."" [GOC:dos]",22149,39309,16,"[['IBA', 'TAS', 'IEA'], [], ['TAS'], [], [], [], [], [], [], [], ['TAS'], [], [], ['IDA', 'TAS'], [], [], [], [], [], [], ['IBA', 'IEA'], [], [], [], [], [], [], [], [], [], [], [], [], [], [], [], [], [], [], [], [], [], [], [], ['IMP'], [], [], [], [], ['IBA', 'TAS', 'IEA'], ['IBA'], [], [], [], [], [], [], [], ['IBA', 'IEA'], [], [], [], [], [], [], [], [], [], [], [], [], [], ['IBA', 'IEA'], [], [], [], [], [], [], [], [], [], ['IDA', 'ISS', 'IBA', 'IEA'], [], [], [], [], [], ['IBA', 'IEA'], [], [], [], [], [], [], [], [], [], [], [], [], [], [], [], [], [], [], [], [], [], [], [], [], [], [], [], [], [], [], ['IBA', 'NAS'], [], [], [], [], [], [], [], [], [], [], [], [], [], [], [], [], [], [], [], [], [], [], [], [], [], [], [], ['IBA', 'TAS', 'IEA'], [], [], ['IDA'], [], [], [], [], [], [], ['IDA'], [], [], [], [], [], [], [], [], [], [], [], [], [], [], [], [], [], [], [], [], [], [], [], [], []]",side of membrane,GO:0098552,0.02452641392483899,"['GO:0016020', 'GO:0110165']",0.1032258064516129,query_1,155,0.021447721179624665,True,GO:CC,746,3119,3
"""Any process that modulates the frequency, rate or extent of the immune response, the immunological reaction of an organism to an immunogenic stimulus."" [GOC:ai]",21026,23233,20,"[['IDA', 'IBA'], [], ['IBA'], [], [], [], [], ['IMP'], [], [], ['IDA', 'IBA'], [], [], ['IDA', 'IBA'], [], [], [], [], [], [], ['IBA', 'IEA'], [], [], [], [], [], [], [], [], [], [], [], [], [], [], [], [], [], [], [], [], [], [], [], [], [], [], [], [], ['IBA'], ['IDA', 'IBA'], [], [], [], [], [], [], [], [], [], [], [], [], [], [], [], [], [], [], [], [], [], ['IEA'], [], [], [], [], [], [], [], [], [], [], ['IMP', 'IEA'], [], [], [], [], [], [], ['IEA'], [], [], [], [], [], ['IDA', 'IBA', 'NAS', 'IEA'], [], [], [], [], [], [], [], [], ['IDA'], [], [], [], ['NAS'], [], [], [], [], [], [], [], [], ['IMP'], ['IBA', 'NAS'], [], [], [], [], [], [], [], [], [], [], [], [], [], [], [], [], [], [], [], [], [], [], [], ['IDA'], [], [], [], ['IDA', 'IBA', 'IEA'], [], [], [], [], [], [], [], [], ['ISS', 'TAS', 'IEA'], [], [], [], [], [], ['IDA', 'IMP'], [], [], [], [], [], [], [], [], [], [], [], [], [], [], [], [], [], [], [], []]",regulation of immune response,GO:0050776,0.025168515413251685,"['GO:0002682', 'GO:0006955', 'GO:0048583']",0.13245033112582782,query_1,151,0.021119324181626188,True,GO:BP,947,13079,15
"""The contents of a cell excluding the plasma membrane and nucleus, but including other subcellular structures."" [ISBN:0198547684]",22149,36494,111,"[['IDA', 'TAS', 'IEA'], ['IEA'], ['IBA', 'TAS', 'IEA'], [], [], ['ISS', 'TAS', 'IEA'], [], ['IDA', 'IEA'], [], [], ['IBA', 'TAS', 'IEA'], [], [], ['IDA', 'IBA', 'TAS', 'IEA'], ['IBA', 'TAS', 'IEA'], [], ['TAS', 'NAS', 'IEA'], [], ['IBA', 'IEA'], ['TAS'], [], ['ISS', 'IEA'], ['IBA', 'TAS', 'IEA'], ['IDA', 'IBA', 'IEA'], ['IDA', 'HTP', 'ISS', 'TAS', 'NAS', 'IEA'], [], ['IDA', 'IBA', 'TAS', 'IEA'], ['ISS', 'IBA', 'TAS', 'IEA'], [], [], ['IDA', 'IPI', 'IBA', 'TAS', 'IEA'], [], ['IDA', 'IBA', 'TAS', 'IEA'], [], [], ['IDA', 'TAS', 'IEA'], ['HDA', 'ISS', 'IBA', 'TAS', 'IEA'], ['IDA', 'IEA'], ['IDA', 'IEA'], ['IPI', 'IBA', 'TAS', 'IEA'], ['IDA', 'IBA', 'IEA'], [], [], [], ['IDA', 'IBA', 'TAS', 'IEA'], ['IBA'], [], [], ['IDA', 'IBA', 'IEA'], ['IDA', 'TAS', 'IEA'], [], ['IEA'], ['IEA'], [], ['IBA'], ['IDA', 'IBA', 'TAS', 'IEA'], ['IDA', 'IEA'], ['IDA'], ['IEA'], ['IDA', 'IEA'], ['IBA', 'TAS', 'IEA'], ['IEA'], ['IDA', 'IBA', 'NAS'], ['IDA', 'TAS'], ['IDA', 'IEA'], [], [], [], [], [], ['IDA'], [], ['IDA', 'TAS'], ['IDA', 'IBA'], [], ['TAS'], ['IDA', 'IEA'], ['IDA', 'IBA', 'IEA'], ['IDA', 'IMP', 'IBA', 'IEA'], ['IDA', 'TAS'], ['ISS', 'IBA', 'TAS', 'IEA'], ['IBA', 'TAS', 'IEA'], [], ['IDA'], [], [], [], ['IDA'], ['HDA', 'IBA', 'TAS'], ['IDA', 'IBA', 'IEA'], ['IDA', 'IEA'], [], [], [], ['IDA', 'HTP', 'IBA', 'TAS', 'IEA'], ['IBA', 'TAS'], ['IDA', 'IEA'], ['IEA'], ['IDA', 'TAS', 'NAS', 'IEA'], ['IDA', 'ISS', 'TAS'], ['IDA', 'HTP', 'TAS', 'IEA'], [], [], ['IDA', 'IEA'], [], ['IDA', 'IMP', 'HTP', 'ISS', 'IBA', 'TAS', 'IEA'], [], [], [], ['IDA', 'IEP', 'IBA', 'NAS', 'IEA'], ['IDA', 'IEA'], ['IDA'], ['IBA', 'NAS', 'IEA'], ['IDA', 'HTP', 'IBA', 'TAS', 'IEA'], [], [], ['IEA'], ['TAS'], ['IDA', 'IBA', 'TAS', 'IEA'], [], ['IDA', 'HDA', 'IBA', 'TAS', 'IEA'], ['ISS', 'IEA'], ['TAS', 'IEA'], ['IDA', 'IEA'], [], [], [], ['HTP', 'IBA', 'TAS', 'NAS', 'IEA'], [], ['IBA', 'TAS', 'IEA'], ['IBA', 'IEA'], [], ['IDA', 'HTP', 'IBA', 'TAS', 'IEA'], [], ['IDA', 'IBA', 'TAS'], ['IDA', 'IBA', 'TAS', 'IEA'], ['TAS'], [], ['IDA', 'IBA', 'IEA'], [], [], [], [], ['TAS', 'IEA'], [], [], ['IDA', 'ISS', 'TAS', 'IEA'], ['IDA', 'TAS', 'IEA'], ['IEA'], [], ['IDA', 'TAS', 'IEA'], ['IDA', 'IBA', 'TAS', 'IEA'], ['IBA', 'IEA'], [], [], ['IDA', 'IEA'], ['ISS', 'TAS', 'IEA'], ['IDA'], [], ['IBA'], ['IDA', 'IEA'], ['IDA', 'TAS', 'IEA'], ['IDA', 'IEA'], [], [], [], ['IDA', 'IBA', 'NAS', 'IEA'], ['IDA', 'IBA', 'TAS', 'IEA'], ['IDA', 'TAS', 'IEA'], [], ['ISS', 'IEA'], [], ['IDA'], [], ['IDA', 'IMP', 'IBA', 'TAS', 'IEA'], ['IBA', 'TAS'], [], ['IDA'], ['IDA', 'HTP', 'IBA', 'TAS', 'IEA'], ['ISS', 'IBA', 'TAS', 'IEA'], [], [], ['IDA', 'HTP', 'IEA']]",cytoplasm,GO:0005737,0.02598146139048354,"['GO:0005622', 'GO:0110165']",0.7161290322580646,query_1,155,0.008860860541230942,True,GO:CC,12527,304,9
"""The expansion of a lymphocyte population by cell division."" [GOC:ai]",21026,22276,11,"[[], [], ['IMP'], [], [], [], [], [], [], [], ['IMP'], [], [], ['IMP'], [], [], [], ['IMP'], [], [], ['ISS', 'IEA'], [], [], [], [], [], [], [], [], [], [], [], [], [], [], [], [], [], [], [], [], [], [], [], [], [], [], [], [], [], [], [], [], [], [], [], [], [], [], ['ISS', 'IEA'], [], [], [], [], [], [], [], [], [], [], [], [], ['IEA'], [], [], [], [], [], [], [], [], [], [], [], [], [], [], [], [], [], ['IEA'], [], [], [], [], [], [], [], [], [], [], [], [], [], [], [], [], [], [], [], [], [], [], [], [], [], [], [], [], ['IDA'], [], [], [], [], [], [], [], [], [], [], [], [], [], [], [], [], [], [], [], [], [], [], [], [], [], [], [], ['IDA'], [], [], [], [], [], [], [], [], ['ISS', 'IEA'], [], [], [], [], [], [], [], [], [], [], [], [], [], [], [], [], [], [], [], [], [], [], [], [], [], []]",lymphocyte proliferation,GO:0046651,0.02650287543717125,"['GO:0032943', 'GO:0046649']",0.0728476821192053,query_1,151,0.03536977491961415,True,GO:BP,311,12122,12
Interferon alpha/beta signaling,11004,42024,6,"[['REAC'], [], [], [], [], [], [], [], [], [], [], [], [], [], [], [], [], [], [], [], [], [], [], [], [], [], [], [], [], [], [], [], [], [], [], [], [], [], [], [], [], [], [], [], [], [], [], [], [], ['REAC'], [], [], [], [], [], [], [], [], [], [], [], [], [], [], [], [], [], [], [], [], [], [], [], [], [], [], [], [], [], [], [], [], [], [], [], [], [], [], [], [], [], [], [], [], [], [], [], [], [], [], [], [], [], [], [], [], [], [], [], [], [], [], [], [], [], [], [], [], ['REAC'], [], [], [], [], [], [], [], [], [], [], [], ['REAC'], [], [], [], [], [], [], [], [], [], [], [], [], [], [], [], [], ['REAC'], [], [], [], [], [], [], [], [], ['REAC'], [], [], [], [], [], [], [], [], [], [], [], [], [], [], [], [], [], [], [], [], [], [], [], [], [], []]",Interferon alpha/beta signaling,REAC:R-HSA-909733,0.027781574672965378,['REAC:R-HSA-913531'],0.06,query_1,100,0.07894736842105263,True,REAC,76,1241,31
"""The lipid bilayer surrounding a coated vesicle."" [GOC:mah]",22149,37116,8,"[['TAS', 'IEA'], [], ['TAS'], [], [], [], [], [], [], [], ['TAS'], [], [], ['TAS'], [], [], [], [], [], [], [], [], [], [], [], [], [], [], [], [], [], [], [], [], [], [], ['TAS'], [], [], [], [], [], [], [], [], [], [], [], [], ['TAS', 'IEA'], [], [], [], [], [], [], [], [], [], [], [], [], [], [], [], [], [], [], [], [], [], [], ['TAS'], [], [], [], [], [], [], [], [], [], [], [], [], [], [], [], [], [], [], [], [], [], [], [], [], [], [], [], [], [], [], [], [], [], [], [], [], [], [], [], [], [], [], [], [], [], [], [], [], [], [], [], [], [], [], [], [], [], [], [], [], [], [], [], [], [], [], [], [], [], [], [], [], [], [], ['TAS', 'IEA'], [], [], [], [], [], [], [], [], [], [], [], [], [], [], [], [], [], [], [], [], [], [], [], [], [], [], [], [], [], [], [], [], [], [], []]",coated vesicle membrane,GO:0030662,0.029152480691946252,"['GO:0030135', 'GO:0030659', 'GO:0098588']",0.05161290322580645,query_1,155,0.04,True,GO:CC,200,926,6
"""The expansion of a mononuclear cell population by cell division. A mononuclear cell is a leukocyte with a single non-segmented nucleus in the mature form."" [GOC:add]",21026,18025,11,"[[], [], ['IMP'], [], [], [], [], [], [], [], ['IMP'], [], [], ['IMP'], [], [], [], ['IMP'], [], [], ['ISS', 'IEA'], [], [], [], [], [], [], [], [], [], [], [], [], [], [], [], [], [], [], [], [], [], [], [], [], [], [], [], [], [], [], [], [], [], [], [], [], [], [], ['ISS', 'IEA'], [], [], [], [], [], [], [], [], [], [], [], [], ['IEA'], [], [], [], [], [], [], [], [], [], [], [], [], [], [], [], [], [], ['IEA'], [], [], [], [], [], [], [], [], [], [], [], [], [], [], [], [], [], [], [], [], [], [], [], [], [], [], [], [], ['IDA'], [], [], [], [], [], [], [], [], [], [], [], [], [], [], [], [], [], [], [], [], [], [], [], [], [], [], [], ['IDA'], [], [], [], [], [], [], [], [], ['ISS', 'IEA'], [], [], [], [], [], [], [], [], [], [], [], [], [], [], [], [], [], [], [], [], [], [], [], [], [], []]",mononuclear cell proliferation,GO:0032943,0.03352384476475061,['GO:0070661'],0.0728476821192053,query_1,151,0.034482758620689655,True,GO:BP,319,7871,12
"""The lipid bilayer surrounding an endocytic vesicle."" [GOC:mah]",22149,37119,8,"[['TAS', 'IEA'], [], ['TAS'], [], [], [], [], [], [], [], ['TAS'], [], [], ['TAS'], [], [], [], [], [], [], [], [], [], [], [], [], [], [], [], [], [], [], [], [], [], [], ['ISS', 'TAS', 'IEA'], [], [], [], [], [], [], [], [], [], [], [], [], ['TAS', 'IEA'], [], [], [], [], [], [], [], [], [], [], [], [], [], [], [], [], [], [], [], [], [], [], ['TAS'], [], [], [], [], [], [], [], [], [], [], [], [], [], [], [], [], [], [], [], [], [], [], [], [], [], [], [], [], [], [], [], [], [], [], [], [], [], [], [], [], [], [], [], [], [], [], [], [], [], [], [], [], [], [], [], [], [], [], [], [], [], [], [], [], [], [], [], [], [], [], [], [], [], [], ['TAS', 'IEA'], [], [], [], [], [], [], [], [], [], [], [], [], [], [], [], [], [], [], [], [], [], [], [], [], [], [], [], [], [], [], [], [], [], [], []]",endocytic vesicle membrane,GO:0030666,0.03461304423198488,"['GO:0030139', 'GO:0030659', 'GO:0098588']",0.05161290322580645,query_1,155,0.03902439024390244,True,GO:CC,205,929,10
"""The process in which an antigen-presenting cell expresses antigen (peptide or lipid) on its cell surface in association with an MHC protein complex."" [GO_REF:0000022, GOC:add, ISBN:0781735149, PMID:15771591, PMID:15928678]",21026,16182,7,"[['IDA', 'IBA', 'IEA'], ['IEA'], ['IMP', 'IBA', 'IEA'], [], [], [], [], [], [], [], ['IDA', 'IMP', 'IBA', 'IEA'], [], [], ['IDA', 'IBA', 'IEA'], [], [], [], [], [], [], [], [], [], [], [], [], [], [], [], [], [], [], [], [], [], [], [], [], [], [], [], [], [], [], [], [], [], [], [], ['IDA', 'IBA', 'IEA'], [], [], [], [], [], [], [], [], [], [], [], [], [], [], [], [], [], [], [], [], [], [], [], [], [], [], [], [], [], [], [], [], [], [], [], [], [], [], [], [], [], [], [], [], [], [], [], [], [], [], [], [], [], [], [], [], [], [], [], [], [], [], [], [], [], [], [], [], [], [], [], [], [], [], [], [], [], [], [], [], [], [], [], [], [], [], [], [], [], [], [], [], [], [], [], [], [], ['IDA', 'IMP', 'IBA', 'IEA'], [], [], [], [], [], [], [], [], [], [], [], [], [], [], [], [], [], [], [], [], [], [], [], [], [], [], [], [], [], [], [], [], [], [], []]",antigen processing and presentation,GO:0019882,0.03462962566061366,['GO:0002376'],0.046357615894039736,query_1,151,0.0603448275862069,True,GO:BP,116,6028,13
"""A membrane that is one of the two lipid bilayers of an organelle envelope or the outermost membrane of single membrane bound organelle."" [GOC:dos, GOC:mah]",22149,37207,46,"[['TAS', 'IEA'], ['IEA'], ['IBA', 'TAS', 'IEA'], [], [], [], [], [], [], [], ['IBA', 'TAS', 'IEA'], [], [], ['IDA', 'IBA', 'TAS', 'IEA'], ['IBA', 'IEA'], [], [], [], [], [], [], [], ['IBA', 'TAS', 'IEA'], [], ['ISS', 'NAS', 'IEA'], [], ['IEA'], [], [], [], [], [], [], [], [], ['TAS'], ['HDA', 'ISS', 'TAS', 'IEA'], [], ['IDA', 'IEA'], [], ['IDA', 'IEA'], [], [], [], ['IDA', 'IBA', 'TAS', 'IEA'], [], [], [], [], ['TAS', 'IEA'], [], [], [], [], ['IBA'], [], ['IEA'], [], [], [], [], ['IEA'], [], [], [], [], [], [], [], [], [], [], ['TAS'], ['IBA'], ['IEA'], ['TAS'], [], [], [], ['HDA', 'IEA'], [], [], [], ['IEA'], [], [], [], [], ['HDA'], ['IDA', 'IBA', 'IEA'], [], [], [], [], ['TAS'], ['TAS'], [], [], [], [], ['IDA', 'IEA'], [], [], [], [], ['IMP', 'ISS', 'TAS', 'IEA'], [], [], [], ['IDA', 'IEA'], [], [], [], ['IBA', 'TAS', 'IEA'], [], [], [], [], [], [], ['IDA', 'HDA', 'TAS', 'IEA'], [], [], [], [], [], [], [], [], [], [], [], ['IEA'], [], [], [], ['TAS'], [], [], [], [], [], [], [], [], [], [], ['IDA', 'TAS', 'IEA'], [], [], ['TAS'], ['IDA', 'IEA'], ['IEA'], [], [], [], [], ['IDA'], [], [], [], [], [], [], [], [], [], ['IDA', 'IBA', 'TAS', 'IEA'], ['IDA', 'TAS', 'IEA'], [], [], [], [], [], ['IDA', 'IMP', 'IBA', 'TAS', 'IEA'], [], [], [], ['IDA', 'IBA', 'TAS', 'IEA'], ['TAS', 'IEA'], [], [], ['IEA']]",organelle membrane,GO:0031090,0.03581687035921945,"['GO:0016020', 'GO:0043227']",0.2967741935483871,query_1,155,0.011972930765226444,True,GO:CC,3842,1017,3
"""Any process that modulates the frequency, rate or extent of leukocyte proliferation."" [GOC:add, GOC:mah]",21026,26170,10,"[[], [], ['IMP'], [], [], [], [], [], [], [], ['IMP'], [], [], ['IMP'], [], [], [], ['IMP'], [], [], ['ISS', 'IEA'], [], [], [], [], [], [], [], [], [], [], [], [], [], [], [], [], [], [], [], [], [], [], [], [], [], [], [], [], [], [], [], [], [], [], [], [], [], [], ['ISS', 'IEA'], [], [], [], [], [], [], [], [], [], [], [], [], [], [], [], [], [], [], [], [], [], [], [], [], [], [], [], [], [], [], ['IEA'], [], [], [], [], [], [], [], [], [], [], [], [], [], [], [], [], [], [], [], [], [], [], [], [], [], [], [], [], ['IDA'], [], [], [], [], [], [], [], [], [], [], [], [], [], [], [], [], [], [], [], [], [], [], [], [], [], [], [], ['IDA'], [], [], [], [], [], [], [], [], ['ISS', 'IEA'], [], [], [], [], [], [], [], [], [], [], [], [], [], [], [], [], [], [], [], [], [], [], [], [], [], []]",regulation of leukocyte proliferation,GO:0070663,0.040018548653766584,"['GO:0042127', 'GO:0070661']",0.06622516556291391,query_1,151,0.03745318352059925,True,GO:BP,267,16016,12
"""The process in which an antigen-presenting cell expresses a peptide antigen of endogenous origin on its cell surface in association with an MHC protein complex. The peptide is typically a fragment of a larger endogenous protein which has been degraded within the cell."" [GOC:add, ISBN:0781735149]",21026,11158,4,"[['IDA', 'IBA'], [], [], [], [], [], [], [], [], [], [], [], [], ['IDA'], [], [], [], [], [], [], [], [], [], [], [], [], [], [], [], [], [], [], [], [], [], [], [], [], [], [], [], [], [], [], [], [], [], [], [], ['IDA', 'IBA'], [], [], [], [], [], [], [], [], [], [], [], [], [], [], [], [], [], [], [], [], [], [], [], [], [], [], [], [], [], [], [], [], [], [], [], [], [], [], [], [], [], [], [], [], [], [], [], [], [], [], [], [], [], [], [], [], [], [], [], [], [], [], [], [], [], [], [], [], [], [], [], [], [], [], [], [], [], [], [], [], [], [], [], [], [], [], [], [], [], [], [], [], [], [], [], [], [], ['IDA', 'IMP', 'IBA', 'IEA'], [], [], [], [], [], [], [], [], [], [], [], [], [], [], [], [], [], [], [], [], [], [], [], [], [], [], [], [], [], [], [], [], [], [], []]",antigen processing and presentation of endogenous peptide antigen,GO:0002483,0.04047593570748989,"['GO:0019883', 'GO:0048002']",0.026490066225165563,query_1,151,0.16666666666666666,True,GO:BP,24,1004,13
"""Any process that stops, prevents, or reduces the rate of leukocyte mediated cytotoxicity."" [GOC:add, ISBN:0781735149, PMID:11911826]",21026,10680,4,"[['IDA'], [], [], [], [], [], [], [], [], [], [], [], [], [], [], [], [], [], [], [], [], [], [], [], [], [], [], [], [], [], [], [], [], [], [], [], [], [], [], [], [], [], [], [], [], [], [], [], [], [], ['IDA'], [], [], [], [], [], [], [], [], [], [], [], [], [], [], [], [], [], [], [], [], [], ['IEA'], [], [], [], [], [], [], [], [], [], [], [], [], [], [], [], [], [], [], [], [], [], [], [], [], [], [], [], [], [], [], [], [], [], [], [], [], [], [], [], [], [], [], [], [], [], [], [], [], [], [], [], [], [], [], [], [], [], [], [], [], [], [], [], [], [], [], [], [], [], [], [], [], [], [], ['IDA'], [], [], [], [], [], [], [], [], [], [], [], [], [], [], [], [], [], [], [], [], [], [], [], [], [], [], [], [], [], [], [], [], [], [], []]",negative regulation of leukocyte mediated cytotoxicity,GO:0001911,0.04047593570748989,"['GO:0001909', 'GO:0001910', 'GO:0002704', 'GO:0031342']",0.026490066225165563,query_1,151,0.16666666666666666,True,GO:BP,24,526,18
"""The expansion of a T cell population by cell division. Follows T cell activation."" [GOC:jl]",21026,20028,9,"[[], [], ['IMP'], [], [], [], [], [], [], [], ['IMP'], [], [], ['IMP'], [], [], [], ['IMP'], [], [], ['ISS', 'IEA'], [], [], [], [], [], [], [], [], [], [], [], [], [], [], [], [], [], [], [], [], [], [], [], [], [], [], [], [], [], [], [], [], [], [], [], [], [], [], [], [], [], [], [], [], [], [], [], [], [], [], [], [], [], [], [], [], [], [], [], [], [], [], [], [], [], [], [], [], [], ['IEA'], [], [], [], [], [], [], [], [], [], [], [], [], [], [], [], [], [], [], [], [], [], [], [], [], [], [], [], [], ['IDA'], [], [], [], [], [], [], [], [], [], [], [], [], [], [], [], [], [], [], [], [], [], [], [], [], [], [], [], ['IDA'], [], [], [], [], [], [], [], [], ['ISS', 'IEA'], [], [], [], [], [], [], [], [], [], [], [], [], [], [], [], [], [], [], [], [], [], [], [], [], [], []]",T cell proliferation,GO:0042098,0.043367055650027665,"['GO:0042110', 'GO:0046651']",0.059602649006622516,query_1,151,0.04186046511627907,True,GO:BP,215,9874,12
"""A protein complex required for the biogenesis of specialized organelles of the endosomal-lysosomal system, such as melanosomes and platelet dense granules. The human complex contains the Hps3, Hps5, and Hps6 proteins; the mouse complex contains ru2 and ru."" [PMID:12548288, PMID:14718540, PMID:15031569]",22149,37203,2,"[[], [], [], [], [], [], [], [], [], [], [], [], [], [], [], [], [], [], [], [], [], [], [], [], [], [], [], [], [], [], [], [], [], [], [], [], [], [], [], [], [], [], [], [], [], [], [], [], [], [], [], [], [], [], [], [], [], [], [], [], [], [], [], [], [], [], [], [], [], [], [], [], [], [], [], [], [], [], [], [], [], [], [], [], [], [], [], [], [], [], [], [], [], [], [], [], [], [], [], [], [], [], [], [], [], [], [], [], [], [], [], [], ['IPI', 'IBA'], [], [], [], [], [], [], [], [], [], [], [], [], [], [], [], [], [], [], [], [], [], [], [], [], [], [], [], [], [], [], [], [], [], [], [], [], [], [], [], [], [], [], [], [], [], [], [], [], [], [], [], [], [], ['IPI'], [], [], [], [], [], [], [], [], [], [], [], [], [], [], [], []]",BLOC-2 complex,GO:0031084,0.04976194900083703,['GO:0031082'],0.012903225806451613,query_1,155,0.6666666666666666,True,GO:CC,3,1013,11
Endosomal/Vacuolar pathway,11004,41632,3,"[['REAC'], [], [], [], [], [], [], [], [], [], [], [], [], [], [], [], [], [], [], [], [], [], [], [], [], [], [], [], [], [], [], [], [], [], [], [], [], [], [], [], [], [], [], [], [], [], [], [], [], ['REAC'], [], [], [], [], [], [], [], [], [], [], [], [], [], [], [], [], [], [], [], [], [], [], [], [], [], [], [], [], [], [], [], [], [], [], [], [], [], [], [], [], [], [], [], [], [], [], [], [], [], [], [], [], [], [], [], [], [], [], [], [], [], [], [], [], [], [], [], [], [], [], [], [], [], [], [], [], [], [], [], [], [], [], [], [], [], [], [], [], [], [], [], [], [], [], [], [], [], ['REAC'], [], [], [], [], [], [], [], [], [], [], [], [], [], [], [], [], [], [], [], [], [], [], [], [], [], [], [], [], [], [], [], [], [], [], []]",Endosomal/Vacuolar pathway,REAC:R-HSA-1236977,0.04998674641910991,['REAC:R-HSA-1236975'],0.03,query_1,100,0.2727272727272727,True,REAC,11,849,32
