gene_set,cluster,predicted_cell_type,short_name,overlap_n,overlap_genes
top_mutated_genes,10,Unknown,"CSF3, VCAM1, ADAMTS9",1,CNKSR3
top_mutated_genes,16,Pericyte/SMC,"CCDC102B, RGS5, NDUFA4L2",1,SYNPO2
top_mutated_genes,21,T cell,"GNLY, NKG7, PRF1",1,KLRD1
top_mutated_genes,24,Pericyte/SMC,"RGS5, RBP7, NR2F2",1,SYNPO2
wound_edge_higher_mutation_burden,0,Fibroblast,"SFRP4, PTN, IGF1",1,MXRA5
wound_edge_higher_mutation_burden,1,Endothelial,"EGFL7, IFI27, RAMP3",1,HLA-DRB1
wound_edge_higher_mutation_burden,17,Unknown,"DKK1, CILP, PCOLCE2",1,SCARA5
wound_edge_higher_mutation_burden,21,T cell,"GNLY, NKG7, PRF1",1,KLRD1
wound_edge_higher_mutation_burden,33,Plasma cell,"JCHAIN, MZB1, IGKC",1,DCT
unwounded_skin_higher_mutation_burden,16,Pericyte/SMC,"CCDC102B, RGS5, NDUFA4L2",1,CARMN
unwounded_skin_higher_mutation_burden,18,Keratinocyte,"KRT6A, CALML3, KRT17",1,CDH3
unwounded_skin_higher_mutation_burden,2,Fibroblast,"Q76M96, COL6A2, COL3A1",1,COL1A2
